Comentario;Usuario;Comentarios
1;nachotripaglia;@ivanricaud
2;nachotripaglia;@estoeschamuyo
3;nachotripaglia;@santripaglia
4;nachotripaglia;@tomitripaglia
5;estebanmeier;@robert_muebles
6;estebanmeier;@lambrechtleo
7;estebanmeier;@cristian198533
8;sotara.carpinteria;@ericdanielg
9;sotara.carpinteria;@guillermoabelmansilla
10;sotara.carpinteria;@davidavalos22
11;sotara.carpinteria;@marcelopatriciocardillo
12;sotara.carpinteria;@cristianfhmurillo
13;zukowskioscar;@leo_cocina_placard
14;guillermo_rodriguez_66;@lavirutataller
15;hardholzcarpinteria;@revb.control ??????
16;mueblestriana;@gsfcesar
17;diegofer93;@punkysimpa
18;madeamor_;@martino.gabriel
19;madeamor_;@gonzaq7 @carolinaj.benitez
20;madeamor_;@diegotimpone
21;madeamor_;@arielpordomingo
22;madeamor_;@fraanalonso0
23;madeamor_;@danielabraham_12
24;madeamor_;@poncemaurito
25;madeamor_;@soolberardi
26;madeamor_;@silva_analia
27;madeamor_;@stivalafabiana
28;madeamor_;@marianoqueijo
29;madeamor_;@julian.praderio
30;madeamor_;@christian_mainero
31;madeamor_;@reparacionesdepescaok
32;madeamor_;@muebles_mega
33;madeamor_;@daniellivio
34;madeamor_;@lamparas.enmadera
35;madeamor_;@lucas_taranto
36;madeamor_;@lumasitti
37;madeamor_;@lihumasitti
38;madeamor_;@cyn_thu
39;madeamor_;@donjose.carpintero
40;saracchiguido;@j.adrian.jensen
41;saracchiguido;@guidosaracchi
42;saracchiguido;@saracchiguido
43;saracchiguido;@piensoconlapanza
44;nicovpatagonia;@fede_cefiroguitars
45;nicovpatagonia;@milmaderas_milmaneras
46;nicovpatagonia;@federioscampano
47;jazmincelizz;@cuki.juanx
48;jazmincelizz;@nicovpatagonia
49;jazmincelizz;@papi ??
50;revb.control;@hardholzcarpinteria una remera locoo
52;girocarpinteria;@rodri7413
53;girocarpinteria;@lucas_sayago
54;girocarpinteria;@pablo_sayagoo
55;mauronoir;@carlijoponce
56;mauronoir;@patoloker14
57;sgprosperi;@bospat26
58;garciagaston268;@varlieroamoblamientos
59;godoysergiojavier;@carpinteria.sergio
60;godoysergiojavier;@enso_godoy
61;craxon;@ferrarisbruno
62;craxon;@rauldrago95
63;craxon;@seballamedo
64;craxon;@carlareyna3175
65;craxon;@santicaldiero
66;craxon;@stortimarcos
67;mar_bou;@carlos_ar79
68;auryzelaschi;@danielomarmunno
69;cuki.juanx;@matialoy
70;cuki.juanx;@g.c.ocampo
71;cuki.juanx;@mica.lardaro
72;cuki.juanx;@ramayonhouse
73;cuki.juanx;@sebamemento
74;cuki.juanx;@brunettidiego
75;sebasroses8;@deldagodiego22
77;hectorpicca;@piquia107
78;hectorpicca;@marianopicca
79;_biann._1;@luna_tapia02
80;_biann._1;@braian.ramirez23
81;_biann._1;@yulissagonzalez87
82;_biann._1;@maxii9569
86;mama.de.3_;@luzdeluna663 ????????????????
87;mama.de.3_;@eterna_enamorada18 ????????
88;mama.de.3_;@corazondemanzana0 ????????
89;mama.de.3_;@lapato333_ ??????????
90;mama.de.3_;@acuariana_nb ????????????????
91;mama.de.3_;@unamamaenapuros.2024 ??????????
92;soylele1651;@corvalan_vita
93;soylele1651;@karinayumi16
94;soylele1651;@lilianita0124
95;soylele1651;@vivicogliolo
96;soylele1651;@nicol__98d
97;lil_heart2021;@andiluvaliente_777
98;lil_heart2021;@carmencitacabana
99;lil_heart2021;@delia.soria39
100;lil_heart2021;@rosafretes777
